# ПРИКЛАД файла периметра: «усі розділи обліку, крім зарплати й кадрів». Пише агент, людина
# його не бачить. Імена вигадані — справжні підсистеми беруться з дерева конкретної
# конфігурації (scripts/overview.py, scripts/section.py).
#
# Правило: об'єкт поза периметром, якщо ВСІ підсистеми, що його називають, перелічено тут.
# Не названий жодною підсистемою лишається всередині — це відома неточність.
# Колонка «чому» обов'язкова: прогін падає на порожній.
# Слова в першій колонці — корень, вид, объект — ключові слова інструменту, пишуться російською.
#
# вид рядка	значення	чому
корень	РасчетЗаработнойПлаты	розділ «зарплата» рахується інакше, переноситься окремо
корень	КадровыйУчет	розділ «кадри», переноситься разом із зарплатою
корень	ОбменСЗарплатнойБазой	обслуговує виключений розділ
вид	CalculationRegister	весь вид тримається розрахунком зарплати
вид	ChartOfCalculationTypes	те саме
объект	Document.ВыплатаПоВедомости	підсистемами не названий зовсім, але належить виключеному розділу
